customer_id,offer_id,received_time,difficulty,duration,offer_type,in_email,in_mobile,in_social,in_web,offer_received,offer_viewed,offer_completed,target,completion_time,time_to_action,became_member_on,gender,age,income,membership_year,is_demographics_missing,age_group,income_bracket,became_member_date,membership_duration_days,membership_month,tenure_group,prediction,prediction_label,completion_probability,non_completion_probability,segment,recommended_strategy
c4e5f6g7h8i9,off004,0,0.0,4.0,informational,1.0,1.0,0.0,1.0,1,0,0,0,,,20180305,M,28,35000.0,2018,0,18-30,Low,2018-03-05,200,3,0-6 months,0,Will Not Complete,0.0,1.0,New Customer,"•   **Reposition the Offer with Immediate, Tangible Financial Value:** Rework the informational offer's title and description to directly address a pain point for low-income young adults. Focus on clear, actionable financial benefits such as ""Learn 5 Smart Ways to Save Money This Week,"" ""Quick Guide to Boosting Your Budgeting Skills,"" or ""Unlock Free Resources to Build Your Future."" Promote this revised value proposition through targeted in-app messages and emails to new customers, emphasizing how this *easy, 4-day learning* directly translates to their financial well-being.

•   **Implement Gamified, Mobile-First Micro-Content:** Break down the 4-day informational content into daily, bite-sized interactive modules accessible primarily via mobile. For example, present it as a ""Daily Money Challenge"" with short quizzes, polls, or fill-in-the-blank exercises instead of passive reading. Upon completion of each daily module or the full offer, provide immediate, positive reinforcement like a ""Smart Saver Badge"" or unlock a simple, exclusive tip sheet relevant to their financial journey, encouraging engagement and completion through playful interaction.

•   **Integrate into Onboarding with a Clear ""Next Step"" Incentive:** Introduce the informational offer as a crucial, recommended ""first step"" in the new customer onboarding journey, linking it directly to how they can maximize their value from your product/service. Communicate that completing this 0.0 difficulty offer will unlock a small, relevant incentive that addresses their low-income status, such as a temporary free upgrade to a basic premium feature, access to an exclusive discount marketplace, or a small credit towards their first transaction, making the ""why"" to complete explicit and rewarding."
c0k1l2m3n4o5,off010,0,0.0,4.0,informational,1.0,0.0,1.0,0.0,1,0,0,0,,,20171022,O,33,41000.0,2017,0,31-45,Medium,2017-10-22,280,10,6-12 months,0,Will Not Complete,0.0,1.0,New Customer,"Here are 3 marketing strategies to help this customer complete the informational offer:

*   **Clearly articulate the ""difficulty 0.0"" and immediate benefit:** Send a highly targeted email campaign with subject lines like ""Unlock [Specific Benefit] in <2 Minutes>"" or ""Quick Tip: Boost Your [Outcome] Today."" The email body should concisely explain that the offer is informational, requires zero effort to access/start, and how it directly benefits them (e.g., ""Save time,"" ""Improve results,"" ""Discover a hidden feature""), with a prominent, single-click Call To Action (CTA).
*   **Contextualize relevance for 6-12 month tenure:** Leverage data on common usage patterns or frequently asked questions for customers with 6-12 months tenure. Personalize the offer by highlighting how this specific information addresses a common challenge or unlocks an opportunity relevant to their current stage (e.g., ""As you've been with us for nearly a year, learn how to optimize X,"" or ""Discover advanced features commonly overlooked by long-term users"").
*   **Reduce friction and maximize visibility through multi-channel prompts:** Implement a persistent, non-intrusive in-app notification or a prominent banner within their customer portal that clearly presents the informational offer, its benefit, and a direct link. Supplement this with a concise, personalized SMS reminder (if consented) that includes the benefit and a direct, trackable link to ensure maximum visibility and instant access."
c6q7r8s9t0u1,off016,0,0.0,4.0,informational,1.0,1.0,0.0,1.0,1,0,0,0,,,20180610,F,66,95000.0,2018,0,61-75,Very High,2018-06-10,190,6,0-6 months,0,Will Not Complete,0.0,1.0,Other/Missing Gender - Small Segment,"Here are 3 bullet-point marketing strategies:

*   **Tailor content and messaging to affluent senior interests:** Frame the informational offer around high-value topics such as exclusive travel experiences, advanced wealth management strategies, or specialized health and lifestyle insights relevant to individuals aged 61-75 with very high income, highlighting how this knowledge directly enhances their life or decision-making.
*   **Deliver via high-touch, personalized channels:** Send a personalized email from a designated relationship manager or a premium direct mail piece that clearly articulates the exclusive nature and the ""difficulty 0.0"" (e.g., ""A quick read,"" ""No commitment, just valuable insights""), ensuring the communication feels like a tailored benefit for a valued new customer.
*   **Emphasize exclusivity and ease with a gentle urgency:** Position the informational offer as a ""private briefing"" or ""curated insight"" available for a limited 4-day window, reinforcing its value as a special perk for their new, high-income status and stressing the minimal effort required to complete it."
c2w3x4y5z6a7,off022,0,0.0,4.0,informational,1.0,0.0,1.0,0.0,1,0,0,0,,,20180328,F,37,58000.0,2018,0,31-45,Medium,2018-03-28,260,3,0-6 months,0,Will Not Complete,0.0,1.0,New Customer,"Here are 3 specific and actionable marketing strategies:

*   **Reformat into Micro-Commitments:** Break down the 4-day informational offer into four distinct, daily micro-modules (e.g., short daily emails, 15-minute videos). Promote only the *first day's module* with a clear, low-time-commitment call-to-action (e.g., ""Spend 15 minutes today to unlock [immediate benefit for new users]""). Automatically deliver the next module after 24 hours or upon completion of the previous one.
*   **Hyper-Personalized Value Proposition:** Craft highly personalized marketing messages that explicitly link the 4-day informational offer to immediate, tangible benefits crucial for a new customer's success. For example, use messaging like ""Master your setup in 4 days to avoid common pitfalls and save hours"" or ""Unlock advanced features faster and achieve your first project milestone with this easy 4-day guide.""
*   **Implement Progress Tracking & Completion Incentive:** Introduce a clear visual progress tracker (e.g., in-app bar, email updates) that shows the customer's advancement through the 4-day offer. Offer a valuable, non-monetary incentive upon *full completion* of all four modules (e.g., a premium template library, exclusive access to a Q&A session with an expert, or a temporary upgrade to a specific feature for new users)."
c9d0e1f2g3h4,off029,1,0.0,4.0,informational,0.0,1.0,1.0,0.0,1,0,0,0,,,20170426,O,41,36000.0,2017,0,31-45,Low,2017-04-26,600,4,6-12 months,0,Will Not Complete,0.0,1.0,New Customer,"Here are 3 marketing strategies to help this customer complete the offer:

*   **Highlight immediate, tangible financial benefits.** Reframe the informational content in all communications (email subject, notification text, landing page headline) to explicitly state how it provides a quick, actionable solution for saving money, managing finances, or gaining a valuable skill without cost. For example, use headlines like ""Unlock 5 Free Budgeting Hacks in 2 Minutes,"" ""Your Guide to Saving $100 This Month Starts Here,"" or ""Boost Your Financial Wellness – Quick & Easy Tips Inside.""

*   **Optimize for ultra-low effort and mobile-first consumption.** Given the ""difficulty 0.0,"" ensure the informational content is delivered in a highly digestible, mobile-optimized format. This could be a single infographic, a short 60-second video clip, or a concise bulleted list presented directly in the notification or on a clean, single-page landing page. The call-to-action should emphasize speed and ease, such as ""See the 3 Tips Now"" or ""Get Your Free Guide Instantly.""

*   **Create a personalized connection tied to their early customer journey.** Send a personalized message that acknowledges their 6-12 months customer status and frames the informational offer as an exclusive benefit or essential resource to help them maximize their value from being a customer. For example: ""As a valued customer of [Company Name] for [X] months, we want to help you get the most out of your experience with these exclusive [money-saving/life-improving] tips!"""
c5j6k7l8m9n0,off035,1,0.0,4.0,informational,0.0,1.0,0.0,1.0,1,0,0,0,,,20170123,O,34,45000.0,2017,0,31-45,Medium,2017-01-23,650,1,1-2 years,0,Will Not Complete,0.0,1.0,New Customer,"• Personalize the offer message by directly referencing their tenure and suggesting how the information helps them optimize their existing services or discover underutilized benefits specific to their past usage (e.g., ""After 18 months with us, learn how to get even more from your [specific service they use]"").
• Present the informational offer as a concise, visually appealing interactive module or micro-learning pop-up directly within their most frequently used company touchpoint (e.g., mobile app dashboard, customer portal homepage), with a single, prominent ""Start Quick Guide"" button that instantly loads the content.
• Craft a compelling headline and call-to-action that clearly communicates the immediate, specific benefit and minimal time investment required (e.g., ""Spend 90 Seconds, Save $X/Month"" or ""Unlock a Hidden Feature: A 1-Minute Read for [Customer Type]"")."
c2q3r4s5t6u7,off042,2,0.0,4.0,informational,1.0,1.0,0.0,1.0,1,0,0,0,,,20161028,O,45,39000.0,2016,0,31-45,Low,2016-10-28,770,10,2+ years,0,Will Not Complete,0.0,1.0,New Customer,"• Clearly articulate 1-2 direct financial benefits of completing the informational offer (e.g., ""Learn 3 quick ways to save $X on Y,"" ""Avoid common mistakes that cost Z""). Frame it as gaining valuable knowledge that leads to tangible savings or improved financial well-being, specifically tailored to low-income individuals, and highlight its ""0.0 difficulty"" and quick completion time.
• Provide a highly simplified, single-step call-to-action (CTA) with clear, minimalist instructions (e.g., ""Click to get started,"" ""Watch now"") specifically designed for a new customer. Include a brief, bulleted preview of what they'll learn and exactly how long it takes, minimizing any perceived cognitive burden or commitment.
• Frame the informational offer as a solution to a common challenge faced by individuals in their age and income bracket, using empathetic language (e.g., ""Struggling to manage everyday expenses? Our quick guide can help.""). Leverage their 2+ years tenure by implying ""as a valued customer, we want to help you with [relevant challenge]"" to build trust and relevance for this new type of engagement."
c9x0y1z2a3b4,off049,0,0.0,4.0,informational,1.0,0.0,1.0,0.0,1,0,0,0,,,20180703,M,28,34000.0,2018,0,18-30,Low,2018-07-03,165,7,0-6 months,0,Will Not Complete,0.0,1.0,New Customer,"Here are 3 marketing strategies:

*   **Rework Messaging to Emphasize Tangible Value:** Reframe the informational offer's messaging to explicitly highlight how it directly benefits low-income new customers. Focus on practical outcomes like ""Learn to save $XX on monthly expenses,"" ""Unlock essential tips for new customers to manage finances,"" or ""Discover free resources that matter to you."" Use concise, benefit-driven language in all communication channels (email, SMS, in-app notifications).

*   **Implement Seamless, One-Click Access:** Design the offer journey to be absolutely frictionless. Provide a clear, prominent call-to-action (e.g., ""Start Learning Now"") that leads directly to the informational content with no additional sign-ins, forms, or navigation required. Utilize direct links within personalized SMS messages, in-app banners, or dedicated email sections to ensure immediate and effortless access, catering to the young demographic's preference for instant engagement.

*   **Offer a Small, Immediate Completion Incentive:** To overcome the 0% completion rate and motivate new, low-income customers, introduce a small, tangible reward for completing the informational offer. This could be a $5 credit towards their next company interaction, an entry into a monthly draw for a small gift card (e.g., $25), or immediate access to an exclusive, slightly more advanced free resource. This provides an extrinsic motivator to kickstart engagement and build a positive relationship."
c7h8i9j0k1l2,off007,0,20.0,10.0,discount,1.0,0.0,0.0,1.0,1,1,0,0,,,20180718,M,82,45000.0,2018,0,76+,Low,2018-07-18,150,7,0-6 months,0,Will Not Complete,0.11,0.89,New Customer,"Here are 3 marketing strategies to help this customer complete the offer:

*   **Provide Dedicated, Proactive Concierge Support:** Initiate a proactive outbound phone call from a dedicated, patient customer service representative who specializes in assisting senior customers. This representative will clearly explain the discount, *personally walk the customer through each step of the redemption process*, and offer to complete any necessary online or form-based steps on their behalf (with explicit permission). Provide this customer with a direct, easy-to-remember phone number for this specific representative for any follow-up questions or assistance throughout the 10-day offer period.
*   **Send Simplified, Large-Print Physical Mail:** Complement any digital communications with a personalized, large-print physical letter. This letter should clearly and concisely outline the specific monetary value of the discount, present the offer terms in straightforward language, and prominently feature the direct phone number for the dedicated concierge support (from Strategy 1), emphasizing that personal assistance is readily available to ensure they receive their savings without hassle or technical difficulty.
*   **Offer an Explicitly Non-Digital/Simplified Redemption Path:** If the ""difficulty 20.0"" stems from a complex online process, clearly communicate and offer an alternative, simplified redemption method that does not require internet access or advanced digital skills. This could include a pre-filled, postage-paid mail-in form for their signature, or the option to complete the entire redemption process over the phone with the dedicated representative, ensuring the customer feels no technical barriers to accessing their discount."
c1f2g3h4i5j6,off031,0,20.0,10.0,discount,1.0,0.0,0.0,1.0,1,1,0,0,,,20180203,M,26,33000.0,2018,0,18-30,Low,2018-02-03,340,2,0-6 months,0,Will Not Complete,0.23,0.77,New Customer,"• Implement an interactive, visual step-by-step guide for offer completion within the app/website, supplemented by real-time in-app chat support (AI + human) to immediately address the high difficulty and provide assistance for new customers.
• Display the exact monetary savings and final discounted price prominently and early in the offer communication. Send an immediate welcome email/SMS to new customers outlining the simple process, re-emphasizing the total savings, and assuring them there are no hidden costs or complex terms to appeal to their low income.
• Break the offer into 2-3 mini-milestones with progress tracking and celebratory notifications upon completing each step. Implement a tiered reminder system: a general nudge on day 3, a personalized progress update on day 7, and a final 'last chance' reminder 24 hours before the 10-day offer expires."
c7l8m9n0o1p2,off037,0,20.0,10.0,discount,1.0,0.0,0.0,1.0,1,1,0,0,,,20180430,M,42,64000.0,2018,0,31-45,Medium,2018-04-30,225,4,0-6 months,0,Will Not Complete,0.31,0.69,New Customer,"• Provide an interactive, step-by-step walkthrough (e.g., video tutorial, animated guide, or live chat support) that visibly breaks down the ""difficulty 20.0"" offer into manageable, simple actions, specifically designed for new users unfamiliar with the process. Include FAQs specific to common sticking points of this offer.
• Clearly communicate the *long-term value* and *exclusive benefits* of completing this specific discount offer, framing it as an essential ""welcome ritual"" or ""unlock key"" to maximize their experience as a new customer. Highlight the total savings or unique features they gain *after* overcoming this initial difficulty.
• Implement a personalized ""nudge"" campaign over the 10-day period. This includes an initial message with the detailed guide, a mid-period check-in email (e.g., Day 4-5) offering direct assistance for any challenges encountered, and a final reminder 1-2 days before the deadline emphasizing the imminent expiry and specific value they stand to lose."
c3n4o5p6q7r8,off013,0,10.0,5.0,discount,1.0,1.0,0.0,1.0,1,1,0,0,,,20181205,F,42,52000.0,2018,0,31-45,Medium,2018-12-05,45,12,0-6 months,0,Will Not Complete,0.36,0.64,Other/Missing Gender - Small Segment,"• Provide an interactive, step-by-step guide or a short video tutorial explicitly demonstrating how to complete the offer, breaking down the ""difficulty 10.0"" into clear, manageable actions. Include direct links to dedicated live chat support or a comprehensive FAQ section for immediate assistance with any complex steps.
• Clearly articulate the exact monetary value of the discount (e.g., ""Save $XX instantly!"") and emphasize the specific, tangible long-term benefits beyond the immediate savings, such as unlocking future exclusive features or continuous cost reductions. Utilize a prominent countdown timer in all communications to reinforce the 5-day deadline and create a sense of urgency.
• Send a personalized follow-up message (email or in-app notification) specifically acknowledging their recent tenure (0-6 months) and their status as a ""Good Performer."" Frame the offer as an exclusive ""welcome benefit"" or ""early advantage"" designed for valued new customers, and include a direct link to re-access the offer details and the simplified guide from the first strategy."
c0o1p2q3r4s5,off040,0,5.0,5.0,bogo,1.0,0.0,0.0,1.0,1,1,1,1,180.0,180.0,20180626,M,36,58000.0,2018,0,31-45,Medium,2018-06-26,170,6,0-6 months,0,Will Not Complete,0.37,0.63,New Customer,"Here are 3 marketing strategies:

*   Deliver a personalized welcome email within 12 hours of the offer being issued, featuring a clear, step-by-step visual guide on how to redeem the BOGO offer. Include a direct link to a pre-filtered product selection page showcasing best-selling qualifying items, simplifying choice and reducing friction for a new customer.
*   Send a targeted SMS reminder on day 3 of the 5-day offer window, highlighting the significant savings of the BOGO and emphasizing the remaining time (e.g., ""Only 48 hours left to claim your BOGO!""), including a direct link to complete the purchase, thereby creating urgency for the busy, medium-income customer.
*   Launch a social media ad campaign specifically targeting new customers who viewed the offer but didn't convert, featuring short video testimonials from existing customers (or similar profiles to 31-45 age group) demonstrating the ease of redeeming the BOGO and showcasing the value/quality of the specific products offered, building trust and social proof."
c7r8s9t0u1v2,off017,1,20.0,10.0,discount,0.0,0.0,1.0,1.0,1,1,0,0,,,20170531,M,29,47000.0,2017,0,18-30,Medium,2017-05-31,560,5,6-12 months,0,Will Not Complete,0.46,0.54,New Customer,"Here are three specific and actionable marketing strategies to help this customer complete the discount offer:

*   **Provide a Step-by-Step Interactive Guide:** Send a personalized in-app notification or email that features a concise, animated video (under 60 seconds) or an interactive infographic. This guide should visually break down the ""difficulty 20.0"" offer into 3-5 extremely clear, manageable steps, showing *exactly* what actions the customer needs to take, with an estimated time for each step. Include a prominent, direct ""Start Now"" button that leads them directly to the first step of the process.
*   **Proactive Offer Concierge Support:** On day 3 of the 10-day offer window, send a follow-up SMS or push notification that offers direct, proactive support. The message should state, ""Having trouble claiming your discount? Our Offer Concierge team is here to help! Reply to this message or click here to chat live with an expert who can walk you through it."" Ensure the support team is specially trained on this specific offer's completion process.
*   **Highlight ""First Step Wins"" and Immediate Value:** In all communications, prominently display the exact monetary value the customer will save if they complete the offer (e.g., ""Save $XX instantly!""). Focus on making the *very first action* extremely easy and immediately rewarding. For example, have the initial communication encourage them to ""Click here to activate your discount"" and then immediately show them their activated discount code and explain the next (simpler) step, making them feel like they've already achieved something valuable."
c8c9d0e1f2g3,off028,0,5.0,5.0,bogo,1.0,0.0,1.0,0.0,1,1,0,0,,,20180814,M,58,74000.0,2018,0,46-60,High,2018-08-14,130,8,0-6 months,0,Will Not Complete,0.46,0.54,Other/Missing Gender - Small Segment,"Here are 3 marketing strategies to help this customer complete the offer:

*   **Highlight the ""New Customer Perk"" and Opportunity for Premium Discovery:** Frame the BOGO as an exclusive benefit for new, high-value customers (0-6 months tenure, high income, good performers) to explore and experience the brand's quality offerings without full commitment. Send an email or app notification emphasizing this BOGO as a special ""welcome"" opportunity to discover a new favorite or try a complementary premium product (e.g., ""Welcome to [Brand Name]! As a valued new customer, enjoy an exclusive BOGO to try our premium [Product Category] – buy one, get one free to deepen your experience."").
*   **Provide a Clear, Streamlined Path with Urgency Prompts:** Address the moderate difficulty and short duration by creating a frictionless user experience. The communication (e.g., email, app notification) should include a prominent, direct link to a curated landing page showcasing eligible BOGO items. This page should clearly state the offer, include a countdown timer for the 5 days, and provide simple, step-by-step instructions on how the BOGO discount will apply (e.g., ""1. Add two qualifying items to your cart. 2. Your discount will automatically apply at checkout!"").
*   **Leverage ""Good Performer"" Status with Personalized, High-Value Recommendations:** Capitalize on their existing positive engagement by providing specific, data-driven product recommendations for the BOGO offer. Based on their initial purchases or browsing activity as a new customer, suggest eligible items that align with their likely preferences (e.g., ""Since you recently enjoyed [Product A], consider our BOGO on [Complementary Product B] to enhance your experience, or stock up on another [Product A]!""). This personal relevance will make the offer more appealing and easier to complete."
